{"stats":{"minecraft:picked_up":{"minecraft:kelp":2,"aquaculture:jellyfish":1},"minecraft:used":{"alexsmobs:animal_dictionary":1},"minecraft:custom":{"minecraft:jump":46,"minecraft:time_since_rest":3528,"minecraft:damage_dealt":45,"minecraft:crouch_one_cm":292,"minecraft:damage_taken":75,"minecraft:sprint_one_cm":3623,"minecraft:play_time":3528,"minecraft:time_since_death":3528,"minecraft:walk_one_cm":1887,"minecraft:sneak_time":110,"minecraft:total_world_time":3528,"minecraft:fall_one_cm":1801,"minecraft:fly_one_cm":10694}},"DataVersion":3465}