{"stats":{"minecraft:picked_up":{"minecraft:pink_petals":7,"minecraft:kelp":2,"minecraft:stone_button":1,"minecraft:dirt":1,"aquaculture:jellyfish":1},"minecraft:killed_by":{"grimoireofgaia:satyress":1,"grimoireofgaia:harpy":1},"minecraft:killed":{"aquaculture:jellyfish":1},"minecraft:mined":{"minecraft:grass":3,"minecraft:grass_block":1,"minecraft:kelp_plant":1},"minecraft:dropped":{"aquaculture:jellyfish":1,"minecraft:kelp":2},"minecraft:used":{"tombstone:gift":1},"minecraft:custom":{"minecraft:time_since_rest":249,"minecraft:sprint_one_cm":19519,"minecraft:play_time":13523,"minecraft:damage_taken":705,"minecraft:deaths":3,"minecraft:walk_one_cm":15607,"minecraft:sneak_time":9,"minecraft:trigger_trapped_chest":2,"minecraft:walk_under_water_one_cm":824,"minecraft:mob_kills":1,"minecraft:drop":3,"minecraft:jump":299,"minecraft:damage_dealt":182,"minecraft:leave_game":3,"minecraft:walk_on_water_one_cm":1428,"minecraft:time_since_death":475,"minecraft:total_world_time":13523,"minecraft:swim_one_cm":7842,"minecraft:fall_one_cm":4246,"minecraft:fly_one_cm":49704}},"DataVersion":3465}