{"stats":{"minecraft:custom":{"minecraft:jump":120,"minecraft:time_since_rest":468,"minecraft:leave_game":1,"minecraft:damage_dealt":49,"minecraft:deaths":1,"minecraft:sprint_one_cm":9578,"minecraft:play_time":3351,"minecraft:damage_taken":235,"minecraft:time_since_death":0,"minecraft:walk_one_cm":4269,"minecraft:total_world_time":3351,"minecraft:fall_one_cm":1105,"minecraft:fly_one_cm":22429},"minecraft:killed_by":{"grimoireofgaia:satyress":1},"minecraft:picked_up":{"minecraft:dirt":1},"minecraft:mined":{"minecraft:grass_block":1}},"DataVersion":3465}