{"stats":{"minecraft:dropped":{"minecraft:wheat_seeds":1},"minecraft:custom":{"minecraft:time_since_rest":1,"minecraft:crouch_one_cm":70,"minecraft:sprint_one_cm":62623,"minecraft:play_time":12661,"minecraft:deaths":5,"minecraft:damage_taken":1380,"minecraft:walk_one_cm":14916,"minecraft:sneak_time":34,"minecraft:walk_under_water_one_cm":5532,"minecraft:drop":1,"minecraft:jump":397,"minecraft:damage_dealt":83,"minecraft:leave_game":4,"minecraft:walk_on_water_one_cm":1963,"minecraft:time_since_death":556,"minecraft:total_world_time":12661,"minecraft:swim_one_cm":2595,"minecraft:fall_one_cm":6283,"minecraft:fly_one_cm":128868},"minecraft:picked_up":{"minecraft:rotten_flesh":1,"minecraft:wheat_seeds":1},"minecraft:killed_by":{"alexsmobs:cachalot_whale":2,"minecraft:skeleton":1,"minecraft:zombie":1},"minecraft:mined":{"minecraft:large_fern":14}},"DataVersion":3465}