{"stats":{"minecraft:mined":{"minecraft:large_fern":11},"minecraft:killed_by":{"alexsmobs:cachalot_whale":1,"minecraft:skeleton":1},"minecraft:custom":{"minecraft:jump":154,"minecraft:time_since_rest":1,"minecraft:damage_dealt":65,"minecraft:damage_taken":555,"minecraft:leave_game":2,"minecraft:time_since_death":724,"minecraft:play_time":4358,"minecraft:sprint_one_cm":22064,"minecraft:walk_one_cm":6942,"minecraft:walk_on_water_one_cm":1732,"minecraft:deaths":2,"minecraft:total_world_time":4358,"minecraft:walk_under_water_one_cm":1786,"minecraft:fall_one_cm":3100,"minecraft:fly_one_cm":47874}},"DataVersion":3465}