{"stats":{"minecraft:killed_by":{"alexsmobs:cachalot_whale":1},"minecraft:mined":{"minecraft:large_fern":11},"minecraft:custom":{"minecraft:jump":75,"minecraft:time_since_rest":617,"minecraft:leave_game":1,"minecraft:deaths":1,"minecraft:damage_dealt":44,"minecraft:walk_on_water_one_cm":1732,"minecraft:play_time":2444,"minecraft:sprint_one_cm":10519,"minecraft:damage_taken":310,"minecraft:time_since_death":581,"minecraft:walk_one_cm":5329,"minecraft:total_world_time":2444,"minecraft:walk_under_water_one_cm":1786,"minecraft:fall_one_cm":1579,"minecraft:fly_one_cm":24158}},"DataVersion":3465}