{"stats":{"minecraft:mined":{"minecraft:large_fern":11},"minecraft:picked_up":{"minecraft:rotten_flesh":1},"minecraft:custom":{"minecraft:jump":279,"minecraft:time_since_rest":1,"minecraft:damage_dealt":65,"minecraft:damage_taken":800,"minecraft:leave_game":3,"minecraft:play_time":8656,"minecraft:time_since_death":1614,"minecraft:sprint_one_cm":40120,"minecraft:walk_one_cm":12384,"minecraft:walk_on_water_one_cm":1749,"minecraft:deaths":3,"minecraft:total_world_time":8656,"minecraft:walk_under_water_one_cm":1786,"minecraft:fall_one_cm":3727,"minecraft:fly_one_cm":94258},"minecraft:killed_by":{"minecraft:zombie":1,"alexsmobs:cachalot_whale":1,"minecraft:skeleton":1}},"DataVersion":3465}